variables,n,mean,sd,median,trimmed,mad,min,max,range,skew,kurtosis,se
M.F,190,0.32,0.468,0,0.276,0,0,1,1,0.761,-1.43,0.034
Age,190,77.058,8.096,77,76.99,8.896,60,97,37,0.089,-0.529,0.587
EDUC,190,15.14,2.74,16,15.13,2.965,8,23,15,0.122,-0.371,0.1989
SES,190,2.39,1.048,2,2.36,1.483,1,5,4,0.319,-0.900,0.0760
MMSE,190,29.23,0.883,29,29.36,1.483,26,30,4,-1.050,0.601,0.0640
CDR,190,0.0053,0.051,0,0,0,0,0.5,0.5,9.517,89.03,0.00371
eTIV,190,1495.5,184.89,1474.5,1486.87,185.33,1106,2004,898,0.448,-0.39,13.41
nWBV,190,0.74,0.038,0.739,0.741,0.0400,0.644,0.837,0.193,-0.0081,-0.39,0.00274
ASF,190,1.19,0.144,1.19,1.189,0.160,0.876,1.587,0.711,0.096,-0.386,0.0104
